date,population,admission,release
3/1/2020,130450.0308,2684.192902,2214.499671
3/2/2020,130612.6471,2374.949312,4412.465021
3/3/2020,129704.8248,3506.088605,4095.260414
3/4/2020,129267.7362,3646.066662,3304.840582
3/5/2020,129228.7188,3265.370791,4210.983719
3/6/2020,128938.148,3920.82638,3928.611381
3/7/2020,129213.4212,4206.026217,1763.151616
3/8/2020,129960.1542,2509.859662,2061.830476
3/9/2020,130105.8117,2217.796385,4372.479022
3/10/2020,129319.8714,3689.122657,3869.091251
3/11/2020,129056.2229,3604.09024,4284.202563
3/12/2020,128425.758,3655.668647,3738.728103
3/13/2020,128151.2394,3466.80953,3813.741392
3/14/2020,127766.6451,3428.647103,1792.258974
3/15/2020,128774.2428,2296.201773,2090.365328
3/16/2020,128654.6042,1970.726777,5036.575473
3/17/2020,125981.5381,2365.924241,4641.855545
3/18/2020,123501.9068,2162.224241,4114.248084
3/19/2020,121270.8379,1885.125947,3974.147244
3/20/2020,118996.9357,1700.244995,3632.132092
3/21/2020,116915.2001,1550.39651,1272.470981
3/22/2020,116807.2817,1163.65257,1226.914832
3/23/2020,116505.7323,924.8654046,3485.021481
3/24/2020,114319.501,1301.723359,3349.90271
3/25/2020,112373.1836,1408.251931,2857.301062
3/26/2020,110703.7663,1188.383799,2541.008999
3/27/2020,109457.1697,1296.326656,2469.256618
3/28/2020,108210.2397,1223.243322,882.9722742
3/29/2020,108425.1128,1101.534232,987.7035873
3/30/2020,108384.9525,947.8766558,2307.648032
3/31/2020,107222.1923,1143.306068,2249.206003
4/1/2020,106151.6618,1180.868745,2510.135351
4/2/2020,104863.8535,1224.827079,2222.075827
4/3/2020,103950.5789,1190.314182,2089.880138
4/4/2020,102945.9105,1087.796505,917.5760973
4/5/2020,102933.4642,905.1298383,870.7094307
4/6/2020,102901.2513,838.4965049,2023.313597
4/7/2020,101970.6217,1095.121505,1933.107158
4/8/2020,101205.636,1158.219564,1850.53236
4/9/2020,100543.7026,1175.489202,2079.563423
4/10/2020,99699.87674,1417.237557,1470.53791
4/11/2020,99581.22291,1353.61741,713.9060433
4/12/2020,99929.07896,1059.762095,746.9219524
4/13/2020,100088.7797,906.480425,2047.549539
4/14/2020,99158.74639,1115.732125,1823.515448
4/15/2020,98521.6873,1184.981367,1750.220521
4/16/2020,97946.7496,1174.86615,1793.150435
4/17/2020,97384.82974,1232.063906,1720.067102
4/18/2020,96983.40988,1317.105573,807.3434909
4/19/2020,97275.97335,1098.156962,838.5934909
4/20/2020,97385.12015,943.5736286,1787.282197
4/21/2020,96972.72136,1377.383531,1769.288156
4/22/2020,96602.79195,1399.025411,1698.835703
4/23/2020,96317.96535,1336.91605,1675.296814
4/24/2020,96033.40712,1374.971455,1679.382779
4/25/2020,95937.48792,1582.296911,835.3102362
4/26/2020,96359.18613,1258.175116,856.3109938
4/27/2020,96596.83813,1094.897086,1990.800063
4/28/2020,96005.95662,1400.435217,1744.032758
4/29/2020,95790.04626,1499.82107,1936.486058
4/30/2020,95323.11585,1474.422611,1831.93635
5/1/2020,95020.61997,1530.297611,1750.698382
5/2/2020,94771.95422,1502.19417,915.0112023
5/3/2020,95250.66539,1392.889042,907.6166042
5/4/2020,95581.04429,1238.953831,2024.602654
5/5/2020,95018.7454,1585.250657,1770.056485
5/6/2020,94853.73819,1605.049268,1582.520771
5/7/2020,94926.98746,1654.270047,1771.880367
5/8/2020,95403.15101,1682.82463,1774.998948
5/9/2020,95222.47421,1599.001644,875.511769
5/10/2020,95733.29742,1386.751644,864.0708599
5/11/2020,96115.26609,1244.253808,2519.489709
5/12/2020,95472.17245,1874.049917,1802.245398
5/13/2020,95346.50133,1676.574281,1854.286271
5/14/2020,95340.19132,1849.351265,1783.19002
5/15/2020,95359.05964,1801.558336,1727.69002
5/16/2020,95623.85977,1990.090154,1002.293916
5/17/2020,96189.79627,1568.188289,1057.341535
5/18/2020,96506.23277,1371.883296,2273.285979
5/19/2020,96035.47482,1805.428827,1944.174868
5/20/2020,96166.22878,2074.583588,2086.240128
5/21/2020,98235.28534,1933.174433,2073.354082
5/22/2020,98121.90482,2023.723564,1954.884851
5/23/2020,98304.16331,2138.809278,1085.67611
5/24/2020,99006.07938,1789.892178,1147.559444
5/25/2020,99433.27323,1575.50329,1118.17611
5/26/2020,99860.4385,1546.008051,2499.667777
5/27/2020,99452.68862,2052.370769,2004.72575
5/28/2020,99401.26021,1978.489648,2294.579871
5/29/2020,99237.40466,2130.581464,2193.722728
5/30/2020,99189.23959,2145.390988,1094.806061
5/31/2020,99787.67452,1693.240988,1197.35368
6/1/2020,100160.3713,1569.383845,2562.901049
6/2/2020,99433.62081,1836.661623,2182.891958
6/3/2020,99165.66826,1911.966674,2459.618473
6/4/2020,98939.66678,2173.815293,1931.452193
6/5/2020,98883.85851,1876.119675,2189.142236
6/6/2020,99062.29309,2368.643484,1042.647132
6/7/2020,99723.37802,1703.732062,1091.484128
6/8/2020,102236.7203,1488.322047,2581.255466
6/9/2020,101953.0877,2211.187687,2880.455588
6/10/2020,102739.4419,2770.278205,2447.781733
6/11/2020,102733.6411,2441.437334,2574.008732
6/12/2020,102775.3393,2623.554001,2291.519702
6/13/2020,102605.8157,2118.864836,1054.873238
6/14/2020,103382.6831,1832.640594,1031.828793
6/15/2020,104144.6616,1668.85488,2608.243079
6/16/2020,103832.3686,2292.616784,2451.159746
6/17/2020,103875.8367,2349.525181,2379.409746
6/18/2020,103780.5192,2284.092181,2407.517475
6/19/2020,103807.8915,2434.389766,2507.850808
6/20/2020,103813.5971,2473.364125,1079.906752
6/21/2020,104505.6017,1771.911328,975.9067524
6/22/2020,105261.6062,1731.911328,2737.378975
6/23/2020,104901.9794,2379.168806,2521.629371
6/24/2020,104844.4557,2471.930711,3763.954371
6/25/2020,104688.4321,3607.041822,2678.969255
6/26/2020,104621.4634,2613.500567,2266.125096
6/27/2020,104759.3655,2406.994694,1106.592563
6/28/2020,105437.101,1782.994694,1016.540374
6/29/2020,106053.1925,1631.631899,2628.823934
6/30/2020,105671.8138,2251.219757,2410.348444
7/1/2020,105661.7268,2400.261424,2737.413401
7/2/2020,105308.6295,2384.572535,2562.109205
7/3/2020,105052.9414,2306.42102,1269.942538
7/4/2020,105697.4198,1914.42102,958.9425385
7/5/2020,106622.2733,1883.79602,979.4425385
7/6/2020,107403.0499,1760.219097,2908.038498
7/7/2020,106709.6143,2214.602935,2669.718498
7/8/2020,106684.3487,2645.932935,2887.162784
7/9/2020,107732.5475,3934.361507,2736.218339
7/10/2020,107651.3573,2655.028173,2278.531471
7/11/2020,107752.1469,2379.730194,1020.340562
7/12/2020,108642.3366,1910.530194,1004.340562
7/13/2020,109367.5262,1728.580194,3367.901168
7/14/2020,108872.6401,2873.015042,2580.674245
7/15/2020,108944.6309,2653.655042,2843.780406
7/16/2020,108987.1695,2887.196056,2652.988504
7/17/2020,108831.6496,2500.301938,2523.821837
7/18/2020,108811.1297,2503.801938,1046.266282
7/19/2020,109679.4987,1914.135272,1032.585726
7/20/2020,110348.7705,1701.857494,3421.850703
7/21/2020,109884.268,2960.505727,1847.796615
7/22/2020,109876.7497,1841.711247,2590.134344
7/23/2020,109859.7552,2571.200424,3055.449279
7/24/2020,109756.4782,2953.672286,2011.949279
7/25/2020,109923.4234,2177.838952,1120.605262
7/26/2020,110783.3879,1981.319722,1086.330786
7/27/2020,111270.4433,1681.637903,2978.256777
7/28/2020,110566.2486,2273.187146,2575.25596
7/29/2020,110530.7272,2538.642996,2591.431242
7/30/2020,110443.0808,2505.602996,2566.142281
7/31/2020,110498.7915,2618.552996,2592.48871
8/1/2020,110529.3058,2624.377996,1148.86371
8/2/2020,111238.3201,1857.877996,1087.86371
8/3/2020,111968.8343,1818.377996,2910.71371
8/4/2020,111516.4153,2458.294662,2776.33871
8/5/2020,111326.3712,2585.319662,2583.122043
8/6/2020,111552.2939,2784.499208,2812.849316
8/7/2020,111426.7619,2687.317389,2604.182649
8/8/2020,111625.4724,2790.143147,1189.824316
8/9/2020,112394.9496,1955.422693,1133.990982
8/10/2020,113032.4268,1774.468147,2942.457649
8/11/2020,112708.1706,2615.368147,3317.760824
8/12/2020,112808.5255,3419.915766,2582.917966
8/13/2020,112892.9281,2667.320528,2727.366018
8/14/2020,112902.7462,2737.184164,2669.399352
8/15/2020,113010.5042,2777.157335,1177.454907
8/16/2020,114009.4844,2179.10178,1241.881574
8/17/2020,114712.1446,1951.54178,3092.75459
8/18/2020,114180.1541,2558.644604,2924.40551
8/19/2020,114206.1978,2952.227083,2712.326145
8/20/2020,114255.6702,2760.631845,2900.060421
8/21/2020,114476.5357,3022.049672,2673.172685
8/22/2020,114726.2678,2924.238134,1266.006019
8/23/2020,115689.9999,2230.238134,1318.206019
8/24/2020,116332.7987,1947.382578,3089.326595
8/25/2020,115950.9524,2709.080333,3035.659928
8/26/2020,116330.4395,3416.080333,2734.50469
8/27/2020,116374.8637,2778.928904,2798.715801
8/28/2020,116568.2435,2992.095571,2865.649134
8/29/2020,116633.0899,2928.095571,1220.849134
8/30/2020,117729.4363,2319.995571,1244.315801
8/31/2020,118615.2828,2130.162238,3287.982468
9/1/2020,118119.4625,2792.162238,3207.320632
9/2/2020,117839.4757,2935.217793,2958.623737
9/3/2020,117910.9953,3030.143349,3130.922892
9/4/2020,117775.49,2997.406034,3077.561264
9/5/2020,117706.5348,3009.506034,1282.461264
9/6/2020,118608.5796,2184.506034,1258.361264
9/7/2020,119255.9743,1905.756034,1162.031866
9/8/2020,120072.6052,1979.654499,3498.573602
9/9/2020,119389.6861,2815.654499,3254.006935
9/10/2020,118997.3337,2861.654499,3001.916531
9/11/2020,118928.7434,2931.883908,2871.916531
9/12/2020,118923.6531,2868.159549,1237.916531
9/13/2020,119904.7294,2217.126216,1212.172941
9/14/2020,120623.7545,1925.902906,3311.521559
9/15/2020,119998.3757,2687.042733,3044.254892
9/16/2020,119912.3302,2958.2094,3068.754892
9/17/2020,119671.7847,2828.2094,2973.290607
9/18/2020,119593.3106,2895.280828,2898.865149
9/19/2020,119523.9763,2829.530828,1218.865149
9/20/2020,120515.392,2211.030828,1230.515149
9/21/2020,121174.8986,1890.021737,3257.181816
9/22/2020,120596.2385,2678.521737,2993.25126
9/23/2020,120374.9534,2772.799515,2974.625937
9/24/2020,120095.9863,2699.141754,2960.879859
9/25/2020,119876.6427,2741.536325,2733.046526
9/26/2020,120077.1325,2933.536325,1272.546526
9/27/2020,120885.1223,2080.536325,1217.209316
9/28/2020,121535.6819,1867.078961,3540.212376
9/29/2020,120867.5748,2872.105276,2990.212376
9/30/2020,120634.4677,2757.105276,3213.99571
10/1/2020,120642.4606,3222.565533,3189.23214
10/2/2020,120315.3061,2870.46197,2685.25865
10/3/2020,120153.7592,2634.172431,1264.386011
10/4/2020,120826.2123,1936.172431,1064.656336
10/5/2020,121432.2548,1671.218854,2868.044821
10/6/2020,120993.6689,2428.458854,3353.711487
10/7/2020,120647.7496,3007.792187,2653.711487
10/8/2020,120536.8303,2542.792187,2700.711487
10/9/2020,120391.911,2553.86911,2467.844821
10/10/2020,120527.7417,2605.342187,1156.428154
10/11/2020,121255.8224,1885.17552,1124.844821
10/12/2020,121892.1531,1689.943445,2219.455521
10/13/2020,121757.7653,2102.945194,2940.724376
10/14/2020,121499.0708,2730.71014,2897.307563
10/15/2020,121175.4968,2575.116956,2586.857563
10/16/2020,121146.7681,2559.462195,2728.592412
10/17/2020,120844.3046,2426.128861,1181.066096
10/18/2020,121436.6744,1772.102545,1006.232762
10/19/2020,122073.1441,1643.135879,2639.377207
10/20/2020,121771.4473,2337.680323,2704.793874
10/21/2020,121556.667,2488.013657,2676.320694
10/22/2020,121582.3232,2703.410231,2721.013275
10/23/2020,121404.6107,2545.550744,2698.793578
10/24/2020,121415.2921,2710.459835,1309.278427
10/25/2020,121942.4735,1836.459835,1175.278427
10/26/2020,122368.6549,1601.459835,2945.93158
10/27/2020,121805.7282,2383.00488,2802.43158
10/28/2020,121400.3015,2397.00488,2910.137136
10/29/2020,120901.9582,2411.793769,2625.409863
10/30/2020,120678.0672,2404.24615,2627.470469
10/31/2020,120489.5095,2438.912816,1113.52794
11/1/2020,121149.1032,1774.104387,1076.310699
11/2/2020,121893.7969,1820.054387,2731.244032
11/3/2020,121392.4906,2216.110637,2353.556532
11/4/2020,121196.9134,2159.479387,2363.556532
11/5/2020,121098.3363,2262.479387,2608.723199
11/6/2020,121126.6401,2637.027006,2669.562942
11/7/2020,121095.367,2639.270596,1181.627045
11/8/2020,121815.4689,1901.728929,1139.827045
11/9/2020,122288.3708,1603.93578,2753.99612
11/10/2020,121837.3503,2303.884805,2738.821877
11/11/2020,121650.1633,2551.634805,1356.321877
11/12/2020,122148.9762,1855.134805,2708.071877
11/13/2020,121806.7891,2366.334805,2683.121877
11/14/2020,121679.9687,2556.301471,1204.621877
11/15/2020,122252.6483,1777.301471,1074.871877
11/16/2020,122726.9529,1548.509805,2879.205211
11/17/2020,122055.8242,2208.076471,2693.205211
11/18/2020,121757.6954,2395.076471,2586.705211
11/19/2020,121366.0667,2190.225807,2806.542045
11/20/2020,121163.5145,2602.133369,2552.564374
11/21/2020,121057.5229,2445.072763,1209.795143
11/22/2020,121681.3646,1836.406096,1119.564374
11/23/2020,122133.2063,1558.72317,2793.249015
11/24/2020,121660.1964,2239.786254,2745.337694
11/25/2020,121100.9748,2184.046684,2625.934938
11/26/2020,120470.0253,1994.985379,980.4349377
11/27/2020,120831.5757,1341.985379,1555.518271
11/28/2020,121781.3761,2504.385379,774.2296328
11/29/2020,122185.5496,1183.350459,577.6770012
11/30/2020,122848.7231,1134.850459,3094.218272
12/1/2020,121729.582,1968.49086,2731.80956
12/2/2020,121199.2822,2201.474326,2534.385574
12/3/2020,121034.6739,2296.041169,2557.340911
12/4/2020,120702.5741,2256.091245,2687.018705
12/5/2020,120614.5345,2561.589151,1159.485199
12/6/2020,121190.2728,1735.22341,1077.360199
12/7/2020,121765.636,1651.738562,2844.307169
12/8/2020,121107.9961,2186.66735,2641.85008
12/9/2020,120689.3657,2223.219589,2596.571648
12/10/2020,120347.141,2254.84704,2686.071648
12/11/2020,120032.9164,2371.84704,2479.849426
12/12/2020,119832.5252,2280.124817,1192.71014
12/13/2020,120365.0636,1726.048627,1037.63514
12/14/2020,120789.7271,1461.63196,2832.093474
12/15/2020,120037.4323,2083.798627,2792.593474
12/16/2020,119430.1374,2186.798627,3417.881517
12/17/2020,118081.0445,2033.690681,2839.674395
12/18/2020,117553.7118,2300.495856,2798.122863
12/19/2020,117183.1889,2428.537418,1162.093697
12/20/2020,117858.9659,1837.870752,1113.204808
12/21/2020,118459.743,1713.231863,2982.246016
12/22/2020,117702.7993,2238.177376,2755.141259
12/23/2020,117123.8354,2176.177376,2563.798835
12/24/2020,116479.6049,1919.568285,1666.098835
12/25/2020,116215.8743,1405.068285,806.0766129
12/26/2020,116599.6438,1189.846063,940.0766129
12/27/2020,117131.4132,1471.846063,821.5766129
12/28/2020,117860.1827,1547.393607,2427.833072
12/29/2020,117532.4284,2088.590103,1282.872118
12/30/2020,117754.6872,1594.872169,1259.613295
12/31/2020,118093.9461,1598.872169,1260.613295
1/1/2021,118429.705,1596.372169,1260.613295
1/2/2021,118765.4639,1596.372169,1260.613295
1/3/2021,119362.2227,1611.245539,377.7382494
1/4/2021,119641.2002,657.2156892,3543.66631
1/5/2021,118810.8224,2860.165438,2551.346766
1/6/2021,118523.5587,2263.584028,2626.148714
1/7/2021,118783.3862,2885.476246,2912.759825
1/8/2021,118515.2138,2644.587357,2787.076492
1/9/2021,118526.6246,2801.104024,1235.273966
1/10/2021,119173.8133,1882.46261,1037.808449
1/11/2021,119858.4674,1722.46261,2818.163219
1/12/2021,119498.2968,2476.971184,2758.975116
1/13/2021,119388.1596,2648.337851,2788.594264
1/14/2021,119278.141,2677.892128,2745.712629
1/15/2021,119163.1654,2632.232062,2714.315521
1/16/2021,119497.6898,3047.839906,1281.70441
1/17/2021,120363.7142,2147.728794,1151.496077
1/18/2021,120951.4136,1739.195461,1246.32941
1/19/2021,121427.613,1722.528794,3181.686553
1/20/2021,120935.235,2689.308556,3229.662744
1/21/2021,120316.1946,2611.122409,2870.725244
1/22/2021,119861.2419,2645.559909,2612.179288
1/23/2021,119904.7892,2655.726576,1201.019288
1/24/2021,120705.9165,2002.646576,1173.852621
1/25/2021,121217.2104,1685.146576,3073.227621
1/26/2021,120607.1294,2463.146576,2664.918097
1/27/2021,120572.1441,2630.897093,2923.715716
1/28/2021,120154.7838,2506.355427,2705.76187
1/29/2021,119961.1319,2514.51376,2754.931589
1/30/2021,119972.8847,2768.110321,1207.857515
1/31/2021,120744.6375,1979.610321,1129.857515
2/1/2021,121333.3903,1718.610321,3244.962907
2/2/2021,120589.9544,2502.401988,2541.93417
2/3/2021,120573.8101,2536.420655,2893.124908
2/4/2021,120553.6659,2875.420655,2378.398241
2/5/2021,120561.8549,2377.920655,2738.703797
2/6/2021,120507.7857,2684.634544,1245.203797
2/7/2021,121246.3164,1983.734544,1122.703797
2/8/2021,121753.3472,1629.734544,3087.002647
2/9/2021,121197.2457,2530.90121,2887.194711
2/10/2021,120940.3003,2630.249226,2753.361377
2/11/2021,120719.2214,2532.282559,2567.472489
2/12/2021,120508.3648,2357.504782,2434.289949
2/13/2021,120545.7701,2471.695258,1090.110462
2/14/2021,121258.4716,1802.811924,1158.443795
2/15/2021,121470.8397,1371.478591,1316.110462
2/16/2021,121630.6602,1476.930972,2268.610462
2/17/2021,121328.976,1964.42621,2363.722143
2/18/2021,121054.8581,2124.963032,2368.468561
2/19/2021,120775.179,2080.289421,2772.968561
2/20/2021,120764.6665,2762.456088,1103.401895
2/21/2021,121617.3985,1957.033866,1153.301895
2/22/2021,122268.1305,1789.676961,3145.561638
2/23/2021,121947.1939,2823.660826,3162.934654
2/24/2021,121690.1645,2906.78027,3217.996559
2/25/2021,121488.0923,3014.794364,3064.721032
2/26/2021,121390.9692,2971.578111,3051.047384
2/27/2021,121358.4999,3018.578111,1307.431999
2/28/2021,122223.9537,2175.828111,1220.374307
3/1/2021,122859.4075,1855.828111,3593.302412
3/2/2021,121865.7216,2690.021701,3110.70764
3/3/2021,121629.0356,2872.271701,3258.796926
3/4/2021,121477.4926,3107.253843,3396.009676
3/5/2021,120960.9814,3069.112597,3124.138939
3/6/2021,120812.4399,2975.764113,1407.305606
3/7/2021,121590.8984,2185.764113,1161.305606
3/8/2021,122390.3569,1960.764113,3411.305606
3/9/2021,121799.9821,2820.930779,4003.272443
3/10/2021,121507.1761,3710.466494,2053.001609
3/11/2021,121500.6202,2046.44566,3207.683428
3/12/2021,121325.1824,3030.266068,2896.781666
3/13/2021,121313.2853,2884.674673,1526.192474
3/14/2021,121993.8671,2201.899275,1332.530656
3/15/2021,122425.092,1763.088867,3285.919545
3/16/2021,121750.4835,2613.088867,3118.203004
3/17/2021,121540.0611,2908.280554,3278.430646
3/18/2021,120918.0715,2652.340715,3163.613965
3/19/2021,120598.7907,2844.333154,2919.658093
3/20/2021,120724.0375,3044.904864,1468.381973
3/21/2021,121475.3589,2217.036705,1203.558444
3/22/2021,122233.6803,1964.703372,3390.783488
3/23/2021,121614.388,2771.49125,3120.783488
3/24/2021,121360.0958,2866.49125,3226.658488
3/25/2021,121068.9286,2933.53125,3141.281483
3/26/2021,120704.3814,2776.734343,3010.739816
3/27/2021,120680.0843,2987.442676,1329.239816
3/28/2021,121612.7872,2261.942676,1334.688092
3/29/2021,122185.7142,1908.597849,3366.742279
3/30/2021,121513.6411,2695.603168,3126.504068
3/31/2021,121310.3549,2929.138854,3101.425121
4/1/2021,121052.0686,2843.138854,3404.402621
4/2/2021,120510.074,2920.618021,2528.541192
4/3/2021,120651.7461,2670.213259,1375.791192
4/4/2021,121389.4182,2113.463259,1225.791192
4/5/2021,122131.0902,1967.463259,3339.541192
4/6/2021,121692.0123,2900.463259,3353.541192
4/7/2021,121381.9344,3038.757377,3415.402303
4/8/2021,121079.4953,3112.963259,3327.06897
4/9/2021,120834.5563,3082.963259,3025.473732
4/10/2021,120983.2839,3174.201354,1468.973732
4/11/2021,121657.0115,2142.701354,1313.830875
4/12/2021,122412.1677,2068.987069,3377.5561
4/13/2021,121735.7789,2701.167249,3307.5561
4/14/2021,121431.39,3000.500582,3140.5561
4/15/2021,121208.4595,2917.625582,3183.3061
4/16/2021,120976.779,2951.625582,3057.933018
4/17/2021,120549.9525,2981.33177,1299.908266
4/18/2021,121367.001,2117.83177,1285.926123
4/19/2021,122016.6209,1935.546056,3309.353796
4/20/2021,121560.2408,2856.89862,3107.489676
4/21/2021,121345.9206,2893.169389,3185.061104
4/22/2021,121105.7431,2945.740818,3207.653891
4/23/2021,120684.4506,2787.861363,2735.487224
4/24/2021,120858.8247,2908.861363,1483.987224
4/25/2021,121399.1989,2022.611363,1274.574469
4/26/2021,121941.096,1821.891975,3396.447258
4/27/2021,121325.0407,2777.637198,3270.80156
4/28/2021,121219.5525,3162.741922,3362.387505
4/29/2021,120802.0254,2948.68103,3160.336009
4/30/2021,120587.2646,2959.957045,3170.532578
5/1/2021,120586.5292,3172.95535,1287.726405
5/2/2021,121459.816,2163.011029,1254.724178
5/3/2021,122170.1029,1965.011029,3522.867035
5/4/2021,121471.2865,2821.717378,3230.852342
5/5/2021,121154.3354,2919.202397,3132.706183
5/6/2021,121088.2,3066.570818,3187.261739
5/7/2021,120990.0647,3089.126374,2866.261739
5/8/2021,121237.4293,3113.626374,1378.061739
5/9/2021,122071.1939,2211.826374,1298.561739
5/10/2021,122573.9586,1801.326374,3540.561739
5/11/2021,121866.7232,2833.326374,3113.061739
5/12/2021,121694.2378,2940.576374,3232.061739
5/13/2021,121485.6414,3023.465262,3093.428406
5/14/2021,121527.2699,3135.03312,3189.761739
5/15/2021,121542.3151,3205.806929,1398.095072
5/16/2021,122272.5703,2127.350262,1278.095072
5/17/2021,123002.8255,2006.504109,3597.761739
5/18/2021,122448.914,3045.183596,3133.928406
5/19/2021,122371.5858,3055.766929,3369.505329
5/20/2021,122101.4244,3098.933596,3288.393485
5/21/2021,121634.7629,3122.766929,2958.475521
5/22/2021,121729.9062,3085.576545,1342.433213
5/23/2021,122713.8829,2326.409878,1395.933213
5/24/2021,123324.3595,2006.409878,3446.047248
5/25/2021,122865.6871,2986.403362,3320.059071
5/26/2021,122705.8476,3160.219618,3351.559071
5/27/2021,122468.0082,3113.719618,3397.059071
5/28/2021,122179.1687,3108.719618,3122.887384
5/29/2021,122184.0341,3125.086084,1360.387384
5/30/2021,123243.2328,2420.586084,1368.187384
5/31/2021,123951.4315,2079.586084,1529.387384
6/1/2021,124582.1302,2158.73993,4096.137384
6/2/2021,123810.4956,3324.50275,3745.470718
6/3/2021,123253.6943,3188.669417,3516.197033
6/4/2021,123007.4193,3271.016785,3299.475104
6/5/2021,123030.3943,3334.700119,1388.49177
6/6/2021,124010.536,2368.533452,1375.57927
6/7/2021,124577.7401,1943.783452,3383.399783
6/8/2021,124226.9443,3013.803965,3516.970458
6/9/2021,123865.9808,3313.519577,3543.733116
6/10/2021,123610.2672,3287.519577,3341.733116
6/11/2021,123568.5537,3292.318319,2935.233116
6/12/2021,123784.1735,3138.366799,1371.31645
6/13/2021,124714.2516,2300.644577,1660.56645
6/14/2021,125115.0798,2058.394577,3459.603546
6/15/2021,124794.618,3075.115569,3200.556154
6/16/2021,124698.5277,3113.220002,3439.010321
6/17/2021,124404.4374,3146.720002,3518.517431
6/18/2021,124249.8715,3364.949617,2886.182141
6/19/2021,124371.3057,3007.616284,1334.182141
6/20/2021,125308.2398,2271.116284,1297.306072
6/21/2021,125973.2295,1962.295771,3569.639405
6/22/2021,125460.2192,3056.629105,4228.218353
6/23/2021,124878.6826,3644.686113,3250.218353
6/24/2021,125124.146,3137.224593,3358.28502
6/25/2021,124885.0094,3119.148403,3131.118353
6/26/2021,125136.4394,3380.748403,1379.868353
6/27/2021,126126.0361,2371.21507,1410.28502
6/28/2021,126836.6329,2120.381736,3995.451686
6/29/2021,125992.2296,3149.448403,4621.051686
6/30/2021,125664.7596,4293.581736,3398.718353
7/1/2021,125392.2897,3125.91507,3759.718353
7/2/2021,124872.1531,3239.581736,3395.38502
7/3/2021,124741.7664,3264.998403,1502.38502
7/4/2021,125656.8798,2415.748403,1445.107242
7/5/2021,126426.4932,2216.498403,1502.718353
7/6/2021,127050.1066,2126.331736,3785.218353
7/7/2021,126414.97,3150.081736,3600.218353
7/8/2021,126063.8334,3249.081736,3496.940575
7/9/2021,125762.1412,3195.248403,3256.107242
7/10/2021,125860.6157,3355.248403,1368.773908
7/11/2021,126758.0902,2266.248403,1410.773908
7/12/2021,127270.5647,1923.248403,3363.607242
7/13/2021,126906.0392,2997.303958,3334.107242
7/14/2021,126965.0137,3394.081736,3515.607242
7/15/2021,126529.4882,3079.081736,3496.840575
7/16/2021,126218.296,3187.248403,3079.152363
7/17/2021,126394.8148,3255.671147,1409.152363
7/18/2021,127326.3336,2340.671147,1438.652363
7/19/2021,127822.3523,1934.671147,3488.902363
7/20/2021,127354.7878,3020.487813,3486.874586
7/21/2021,127203.7232,3338.087813,3440.81903
7/22/2021,126776.8254,3013.921147,3223.81903
7/23/2021,126641.4275,3088.421147,3037.06903
7/24/2021,126731.7796,3127.421147,1384.363902
7/25/2021,127628.542,2281.126275,1365.197235
7/26/2021,128209.6377,1946.292942,3414.363902
7/27/2021,127648.4,2853.126275,3299.613902
7/28/2021,127506.1624,3157.376275,3229.697235
7/29/2021,127340.4248,3061.515164,3228.017235
7/30/2021,127193.8538,3086.886275,3244.443722
7/31/2021,127240.1748,3290.764653,1480.777055
8/1/2021,128555.1624,2380.52715,1516.261877
8/2/2021,129155.1392,2112.322095,3657.074377
8/3/2021,128498.012,2998.347095,4396.574377
8/4/2021,127887.8847,3784.96246,3417.433085
8/5/2021,127765.3812,3294.429565,3572.408085
8/6/2021,127615.1276,3428.804565,3238.724752
8/7/2021,127826.8741,3448.221232,1602.724752
8/8/2021,128605.6206,2382.971232,1572.224752
8/9/2021,129100.3671,2065.971232,3792.224752
8/10/2021,128339.1136,3032.804565,3487.391418
8/11/2021,128172.1934,3321.137898,3585.558085
8/12/2021,127765.1621,3178.526787,3509.558085
8/13/2021,127491.6308,3235.36012,3344.558085
8/14/2021,127528.4328,3381.36012,1475.558085
8/15/2021,128392.2348,2338.46012,1556.558085
8/16/2021,128867.0369,2031.36012,3712.210627
8/17/2021,128026.9604,2874.100233,3394.176729
8/18/2021,127797.8839,3165.100233,3355.051729
8/19/2021,127541.0574,3098.138695,3212.228983
8/20/2021,127347.2913,3018.46285,3048.228983
8/21/2021,127540.3585,3239.46285,1406.228983
8/22/2021,128367.4257,2233.296183,1412.228983
8/23/2021,128870.9929,1916.50285,4360.307252
8/24/2021,128095.6801,3584.994517,3511.307252
8/25/2021,128029.3674,3444.994517,3268.640585
8/26/2021,127766.2769,2993.711325,3394.069858
8/27/2021,127701.0084,3332.719715,3250.673033
8/28/2021,127712.2126,3266.203842,1442.505999
8/29/2021,128762.4169,2493.605357,1397.841625
8/30/2021,129323.8539,1959.590151,3667.944886
8/31/2021,128596.0408,2940.131818,3557.944886
9/1/2021,128067.7277,3029.631818,3773.088297
9/2/2021,127399.8022,3105.996159,3336.704664
9/3/2021,127201.1058,3150.988651,3105.601811
9/4/2021,127492.687,3395.46881,1519.49612
9/5/2021,128415.7927,2444.268462,1511.162786
9/6/2021,129066.8984,2162.268462,1566.412786
9/7/2021,129596.5041,2095.185128,3819.037786
9/8/2021,128849.6931,3072.226795,3641.037786
9/9/2021,128331.4821,3122.826795,3513.420139
9/10/2021,128058.7123,3238.983658,3335.820139
9/11/2021,127996.6925,3275.400324,1396.420139
9/12/2021,128931.6726,2331.400324,1596.086806
9/13/2021,129388.4862,2052.900324,3664.086806
9/14/2021,128875.6997,3151.300324,3513.491978
9/15/2021,128619.9333,3244.380067,3412.957325
9/16/2021,128267.1323,3062.156305,3418.957325
9/17/2021,128156.8313,3308.656305,3014.457325
9/18/2021,128380.8636,3237.156305,1455.123992
9/19/2021,129259.0626,2334.989638,1642.290658
9/20/2021,129657.7615,2040.989638,3613.790658
9/21/2021,129017.2939,2973.322971,3463.290658
9/22/2021,128768.3262,3214.322971,3428.790658
9/23/2021,128413.3585,3073.822971,3349.790658
9/24/2021,128104.0575,3038.822971,2950.901769
9/25/2021,128478.0898,3326.822971,1381.290658
9/26/2021,129369.6221,2272.822971,1489.290658
9/27/2021,129863.1544,1982.822971,3583.790658
9/28/2021,129347.1034,3067.739638,3349.040658
9/29/2021,129206.0524,3207.989638,3208.731134
9/30/2021,129176.6728,3179.351543,3353.731134
10/1/2021,128979.2932,3156.351543,3389.231134
10/2/2021,128934.6636,3344.601543,1440.981134
10/3/2021,129735.3673,2241.684876,1532.981134
10/4/2021,130161.0711,1958.684876,3366.314468
10/5/2021,129753.8415,2960.951543,3364.931134
10/6/2021,129588.5286,3199.61821,3385.431134
10/7/2021,129431.7156,3228.61821,3405.231134
10/8/2021,129178.7027,3151.71821,3063.397801
10/9/2021,129377.5231,3262.21821,1447.647801
10/10/2021,130168.0935,2238.21821,1477.647801
10/11/2021,130497.6639,1807.21821,2794.981134
10/12/2021,130212.901,2508.329321,3525.538277
10/13/2021,130281.4095,3591.135016,3562.976942
10/14/2021,129794.802,3077.053009,3264.520832
10/15/2021,129649.7327,3119.451599,3099.330206
10/16/2021,129745.3739,3194.9714,1349.830206
10/17/2021,130503.5151,2107.9714,1483.163539
10/18/2021,130879.323,1858.9714,3587.699253
10/19/2021,130303.7201,3010.429734,3277.432587
10/20/2021,130142.2506,3117.629734,3336.051634
10/21/2021,129912.7904,3198.448574,2721.148857
10/22/2021,129996.1159,2833.877146,2689.551634
10/23/2021,130161.4414,2836.377146,1427.551634
10/24/2021,131006.2669,2272.877146,1541.051634
10/25/2021,131364.0924,1897.210479,3794.184968
10/26/2021,130641.918,3073.877146,3540.527825
10/27/2021,130334.0054,3233.281908,3499.694491
10/28/2021,130054.5928,3220.281908,4701.694491
10/29/2021,129873.4302,4521.281908,2849.444491
10/30/2021,130063.2676,3039.281908,1363.444491
10/31/2021,130905.105,2205.281908,1680.444491
11/1/2021,131221.1925,1995.781908,3944.194491
11/2/2021,130496.0299,3219.031908,3468.408777
11/3/2021,130258.5816,3231.817622,3674.76592
11/4/2021,129828.6333,3245.317622,3549.96592
11/5/2021,129519.785,3241.117622,3186.96592
11/6/2021,129795.4367,3462.617622,1538.46592
11/7/2021,130646.5884,2389.617622,1600.46592
11/8/2021,130952.7401,1906.117622,3921.96592
11/9/2021,130208.6418,3175.067622,3682.444491
11/10/2021,129755.2292,3231.281908,4325.994491
11/11/2021,129363.8166,3935.081908,721.9944915
11/12/2021,129949.404,1307.581908,3218.994491
11/13/2021,129878.9914,3148.915241,1383.933088
11/14/2021,130707.5789,2214.415241,1461.827825
11/15/2021,131085.6663,1839.248574,3836.210621
11/16/2021,130258.4311,3014.781908,3694.683739
11/17/2021,129807.5293,3243.781908,3639.683739
11/18/2021,129401.1275,3234.615241,3546.58878
11/19/2021,129160.5711,3313.177429,3291.400453
11/20/2021,129241.6814,3372.510763,1475.067119
11/21/2021,129999.7917,2232.510763,2042.181253
11/22/2021,129908.623,1950.512496,3945.240777
11/23/2021,128701.9185,2738.536306,3773.685221
11/24/2021,127955.9918,3027.758528,3339.568554
11/25/2021,127285.7818,2668.858528,1092.568554
11/26/2021,127752.9884,1559.775194,1304.568554
11/27/2021,128569.195,2120.775194,1183.901888
11/28/2021,129402.735,2018.108528,1469.318554
11/29/2021,129821.8583,1888.441861,3758.828078
11/30/2021,128998.6816,3008.032337,3518.709031
12/1/2021,128770.6716,3291.199004,3453.459031
12/2/2021,128544.0616,3224.006899,3616.752681
12/3/2021,128416.4357,3491.293448,3064.919348
12/4/2021,128843.3098,3490.793448,1415.586015
12/5/2021,129771.1839,2344.793448,1774.586015
12/6/2021,130067.2246,2070.626782,3882.586015
12/7/2021,129178.2654,3007.126782,3678.764309
12/8/2021,128807.8841,3309.04965,3571.163119
12/9/2021,128571.0861,3334.365126,3311.933052
12/10/2021,128355.5448,3105.04176,2538.733599
12/11/2021,128542.8226,2761.3205,1153.542669
12/12/2021,129410.9337,2022.153834,1723.376002
12/13/2021,129688.5449,1989.987167,3761.459335
12/14/2021,128816.7394,2888.653834,3841.126002
12/15/2021,128379.7672,3404.653834,3318.935526
12/16/2021,128080.2951,3019.162282,3865.550459
12/17/2021,127436.1991,3214.515821,3075.382108
12/18/2021,127546.4364,3184.619424,1222.048775
12/19/2021,127986.6737,1659.298857,1974.557522
12/20/2021,128115.6243,2105.285949,4068.233448
12/21/2021,126847.0459,2800.154997,4210.083448
12/22/2021,125552.7674,2915.804997,2648.583448
12/23/2021,124967.3223,2061.971664,2408.083448
12/24/2021,124727.2105,2168.471664,1367.583448
12/25/2021,125045.0987,1685.471664,875.2501147
12/26/2021,125607.3203,1438.13833,1556.553145
12/27/2021,126114.5418,2065.274694,2686.303145
12/28/2021,125801.2634,2370.246916,2616.270317
12/29/2021,125841.1617,2659.075199,2690.542267
12/30/2021,125656.9831,2507.36366,2138.542267
12/31/2021,125969.3045,2449.86366,1120.370045
1/1/2022,127081.8926,2231.874772,1242.342267
1/2/2022,127626.4806,1788.346994,1572.592267
1/3/2022,127961.9853,1908.096994,3127.092267
1/4/2022,127488.9901,2654.096994,3068.758934
1/5/2022,127383.9948,2964.26366,2883.8756
1/6/2022,127279.2329,2778.20457,2884.027115
1/7/2022,126966.3573,2571.984873,2329.01283
1/8/2022,127556.7555,2920.711063,797.3128297
1/9/2022,128173.6538,1412.655507,1204.730374
1/10/2022,128553.5871,1586.263695,3228.663707
1/11/2022,128105.0204,2780.097028,3010.746132
1/12/2022,127803.7159,2719.424011,3243.56186
1/13/2022,127577.578,3017.424011,3049.944003
1/14/2022,127393.4423,2864.208297,2873.177336
1/15/2022,127697.9733,3179.308297,1198.133678
1/16/2022,128330.3376,1843.474963,1202.110669
1/17/2022,128488.7019,1360.474963,1414.277336
1/18/2022,128819.8995,1745.474963,3044.610669
1/19/2022,128366.7638,2589.374963,3115.444003
1/20/2022,128268.1281,3017.64163,2952.777336
1/21/2022,128150.9924,2835.64163,2553.577336
1/22/2022,128415.9567,2841.958297,1186.327336
1/23/2022,129244.921,2016.29163,1337.327336
1/24/2022,129663.8853,1755.29163,3339.660669
1/25/2022,129015.8496,2691.374963,2920.160669
1/26/2022,128858.8138,2763.124963,3218.860669
1/27/2022,128542.3448,2969.89163,2969.860669
1/28/2022,128558.3758,2985.89163,2725.469533
1/29/2022,128945.9781,3113.071899,1302.269533
1/30/2022,129881.7138,2236.338566,1461.269533
1/31/2022,130175.4495,1829.505232,3468.852866
2/1/2022,129505.463,2802.394121,3487.380644
2/2/2022,129257.4765,3220.144121,3114.130644
2/3/2022,128907.19,2764.644121,2685.630644
2/4/2022,128739.1034,2517.544121,2245.182917
2/5/2022,129254.8532,2790.894348,1281.6446
2/6/2022,130188.6029,2216.894348,1474.6446
2/7/2022,130550.8527,1835.894348,3528.511267
2/8/2022,130236.4024,3212.311014,3359.511267
2/9/2022,130050.9522,3175.561014,3574.705419
2/10/2022,129499.3242,3327.438792,3245.233489
2/11/2022,129567.0295,3312.938792,2900.466856
2/12/2022,129938.2519,3289.155073,1398.432634
2/13/2022,130729.9743,2190.155073,1703.432634
2/14/2022,130956.1968,1930.655073,3516.138113
2/15/2022,130369.3146,2948.237721,3508.619848
2/16/2022,130287.4325,3426.737721,3470.119848
2/17/2022,130185.0504,3369.237721,3141.119848
2/18/2022,129960.1683,2914.737721,3192.119848
2/19/2022,130198.2861,3431.737721,1498.619848
2/20/2022,131051.404,2350.737721,1611.286515
2/21/2022,131529.5219,2090.737721,2085.757417
2/22/2022,131681.1637,2321.238257,3904.596445
2/23/2022,130858.8055,3080.904924,3466.429778
2/24/2022,130520.614,3128.238257,3417.763112
2/25/2022,130005.9225,2904.404924,3241.405969
2/26/2022,130096.3976,3332.07159,1480.763112
2/27/2022,130943.7061,2328.738257,1695.929778
2/28/2022,131168.0146,1919.07159,3935.554778
3/1/2022,130335.0314,3101.238257,3330.554778
3/2/2022,130308.0482,3304.238257,3517.452875
3/3/2022,129991.0659,3254.172266,3511.737866
3/4/2022,129967.5837,3487.398456,3142.437866
3/5/2022,130495.6014,3669.005599,1495.355018
3/6/2022,131385.4078,2386.159482,1847.019743
3/7/2022,131642.5475,2105.159482,3860.769743
3/8/2022,130788.1873,3005.576149,3471.644743
3/9/2022,130512.4282,3195.119006,3681.978077
3/10/2022,130074.6691,3244.219006,3340.727585
3/11/2022,129787.1046,3179.913505,3096.978077
3/12/2022,129978.3733,3288.246839,1363.06097
3/13/2022,129935.8723,2030.982339,1662.983349
3/14/2022,130201.8713,1928.982339,3710.983349
3/15/2022,129597.8703,3106.982339,3490.697635
3/16/2022,129371.5836,3264.910911,3464.697635
3/17/2022,129372.2968,3464.910911,3504.197635
3/18/2022,129281.1768,3414.577577,3144.030968
3/19/2022,129474.2234,3337.077577,1454.530968
3/20/2022,130349.77,2330.077577,1559.530968
3/21/2022,130738.65,1948.410911,4024.697635
3/22/2022,130153.0299,3439.077577,3626.983349
3/23/2022,129760.5527,3234.506149,3982.983349
3/24/2022,129532.5755,3753.172816,3591.346924
3/25/2022,129266.3644,3341.605611,2991.844218
3/26/2022,129552.1534,3277.633148,3371.344218
3/27/2022,128474.4423,2293.633148,1826.344218
3/28/2022,128685.2312,2034.883148,3646.344218
3/29/2022,128111.7551,3072.86811,3026.399774
3/30/2022,127969.9457,2886.812554,3258.621996
3/31/2022,127806.1362,3094.812554,3510.746996
4/1/2022,127658.2018,3361.479221,3418.746996
4/2/2022,127822.7673,3584.312554,1450.746996
4/3/2022,128555.3329,2181.812554,1482.246996
4/4/2022,129061.3985,1990.812554,3796.801282
4/5/2022,128436.0669,3206.903031,3799.234615
4/6/2022,127961.4019,3324.569697,3844.234615
4/7/2022,127792.237,3674.078956,3401.392023
4/8/2022,127591.0536,3200.208586,3230.567023
4/9/2022,127797.7285,3434.875253,1329.033689
4/10/2022,128620.4034,2155.041919,1617.367023
4/11/2022,129008.0783,2005.708586,3620.747975
4/12/2022,128525.9675,3136.637158,3555.992713
4/13/2022,128341.1454,3396.446751,3365.571936
4/14/2022,127984.7539,3010.17833,3506.56983
4/15/2022,127728.3624,3252.67833,2560.101409
4/16/2022,128219.1292,3055.857628,1482.590883
4/17/2022,128978.8959,2242.357628,1311.090883
4/18/2022,129421.1627,1749.907628,3594.348572
4/19/2022,128803.1674,3030.89266,3542.984829
4/20/2022,128711.1007,3464.749803,3635.775013
4/21/2022,128177.6736,3103.676873,3639.326249
4/22/2022,127968.1353,3427.121317,2838.909583
4/23/2022,128568.8471,3440.371317,1472.159583
4/24/2022,129266.5588,2171.371317,1793.159583
4/25/2022,129651.7705,2175.657032,4251.059583
4/26/2022,128846.7823,3444.964175,3235.131011
4/27/2022,128771.6154,3161.964175,3638.297678
4/28/2022,128548.1153,3414.797508,3564.297678
4/29/2022,128184.7818,3197.964175,3401.497678
4/30/2022,128483.1483,3700.164175,1330.451524
5/1/2022,129180.0147,2028.664175,1562.797678
5/2/2022,129600.7146,1983.497508,3965.797678
5/3/2022,128671.0811,3036.164175,3218.297678
5/4/2022,128689.9476,3237.164175,3841.547678
5/5/2022,128265.8641,3417.464175,3549.047678
5/6/2022,128287.1139,3570.297508,2966.047678
5/7/2022,128380.8637,3059.797508,1496.047678
5/8/2022,129289.6136,2404.047508,1643.422678
5/9/2022,129672.7384,2026.547508,3839.756011
5/10/2022,128821.6966,2989.380841,3628.6292
5/11/2022,128616.4373,3423.869972,3269.646234
5/12/2022,128375.136,3031.83891,3295.473555
5/13/2022,128151.3347,3069.992756,3029.646963
5/14/2022,128551.0446,3431.352393,1387.142469
5/15/2022,129511.7545,2347.852393,1489.872981
5/16/2022,130175.7202,2164.320841,3622.730164
5/17/2022,129677.0609,3123.570841,3495.047993
5/18/2022,129409.2155,3228.579368,3420.748023
5/19/2022,128938.0017,2952.524663,3557.045156
5/20/2022,128573.3191,3239.840011,2875.522626
5/21/2022,128986.3865,3293.173344,1382.10596
5/22/2022,129722.4539,2123.173344,1661.60596
5/23/2022,130220.0213,2159.173344,3889.60596
5/24/2022,129400.0887,3078.173344,3335.10596
5/25/2022,129106.1561,3039.673344,3287.223607
5/26/2022,128801.2234,2984.173344,3389.60596
5/27/2022,128420.2908,3008.673344,3018.60596
5/28/2022,128709.8582,3308.173344,1303.60596
5/29/2022,129620.9256,2214.673344,1482.10596
5/30/2022,130164.493,2025.673344,1562.939293
5/31/2022,130750.8937,2149.006678,4434.60596
6/1/2022,130007.2944,3686.423344,3682.85596
6/2/2022,129542.4451,3218.006678,3638.35596
6/3/2022,129140.2625,3236.173344,3133.85596
6/4/2022,129318.0799,3311.673344,1311.689293
6/5/2022,130132.8973,2127.173344,1589.35596
6/6/2022,130523.2147,1979.673344,3761.85596
6/7/2022,129752.5321,2987.664572,3494.689293
6/8/2022,129553.8078,3295.965011,3429.022626
6/9/2022,129255.4168,3130.631678,3296.43152
6/10/2022,128971.9478,3015.955973,2882.425012
6/11/2022,129530.9787,3438.632443,1367.841679
6/12/2022,130237.1764,2076.289306,1649.091679
6/13/2022,130658.374,2070.289306,3599.716679
6/14/2022,129904.6966,2846.039306,3403.716679
6/15/2022,129572.0193,3068.789306,3329.152086
6/16/2022,129015.8084,2956.505813,3341.716679
6/17/2022,128871.0975,3197.005813,2744.716679
6/18/2022,128993.3867,2865.67248,1415.883346
6/19/2022,129812.1758,2236.005813,1238.216679
6/20/2022,130243.9649,1669.505813,2415.716679
6/21/2022,130309.2541,2479.67248,3412.266945
6/22/2022,129737.4035,2862.698074,3248.382015
6/23/2022,129523.0528,3034.031407,3226.807941
6/24/2022,129380.2208,3082.642518,3088.307941
6/25/2022,129393.3887,3101.475851,1277.752385
6/26/2022,130293.7788,2178.142518,1281.252385
6/27/2022,130754.1689,1742.642518,3628.752385
6/28/2022,130109.5591,2984.142518,3296.185718
6/29/2022,129888.2825,3076.809185,3097.585718
6/30/2022,129798.506,3007.809185,3328.585718
7/1/2022,129591.2295,3119.975851,3380.085718
7/2/2022,129353.1613,3142.017518,1461.585718
7/3/2022,130237.5931,2346.017518,1434.085718
7/4/2022,130678.0249,1874.517518,1172.085718
7/5/2022,131339.9567,1834.017518,3760.085718
7/6/2022,130555.8885,2976.017518,3656.085718
7/7/2022,130154.5345,3254.731804,3273.085718
7/8/2022,129927.1806,3045.731804,3328.752385
7/9/2022,129944.4934,3346.065137,1325.752385
7/10/2022,130773.3061,2154.565137,1275.752385
7/11/2022,131248.1189,1750.565137,3289.085718
7/12/2022,130778.765,2819.731804,3163.116005
7/13/2022,130572.4675,2965.773758,3205.062711
7/14/2022,130244.7206,2875.325983,3233.825337
7/15/2022,129947.0546,2936.159316,2806.075337
7/16/2022,130239.3886,3098.409316,1285.408671
7/17/2022,131198.8892,2244.909316,1494.408671
7/18/2022,131635.8899,1928.559316,3383.242004
7/19/2022,130946.0572,2707.575983,3146.158671
7/20/2022,130784.7245,2983.325983,3046.257572
7/21/2022,130606.5841,2870.902906,3311.043286
7/22/2022,130183.7771,2888.236239,2807.376619
7/23/2022,130418.97,3042.569573,1351.376619
7/24/2022,131322.163,2254.569573,1375.376619
7/25/2022,131669.356,1721.902906,3373.406922
7/26/2022,131152.458,2856.508967,3237.637692
7/27/2022,130897.4062,2982.58589,3093.870411
7/28/2022,130709.9996,2918.280206,3173.786358
7/29/2022,130428.2266,2892.013418,2645.236585
7/30/2022,130390.8971,2625.022467,1308.851969
7/31/2022,131199.0676,2117.022467,1437.476969
8/1/2022,131549.1131,1787.522467,3310.643636
8/2/2022,131006.3253,2766.766057,2921.425687
8/3/2022,130878.1785,2790.493163,3013.925687
8/4/2022,130590.5317,2744.778878,2893.501445
8/5/2022,130278.0818,2581.051605,2789.309704
8/6/2022,130315.7337,2829.952785,1350.410322
8/7/2022,130935.7999,1973.467578,1451.401447
8/8/2022,131405.866,1920.800911,3028.296232
8/9/2022,130842.7721,2468.521721,2982.448933
8/10/2022,130593.6782,2732.842234,2934.46036
8/11/2022,130555.2633,2876.660796,2963.576334
8/12/2022,130491.9547,2933.755999,4032.664645
8/13/2022,130777.9793,4321.755999,1311.231312
8/14/2022,131547.504,2080.755999,1478.731312
8/15/2022,132006.0287,1928.870378,3114.188234
8/16/2022,131661.8809,2769.058979,3325.137308
8/17/2022,131393.8396,3055.496016,3180.637308
8/18/2022,131191.6317,2979.762683,3132.470642
8/19/2022,130987.4237,2928.262683,3041.701411
8/20/2022,131332.2542,3385.69858,1296.868078
8/21/2022,132072.0847,2038.031914,1450.701411
8/22/2022,132586.9152,1956.605965,3900.614343
8/23/2022,131821.786,3134.151781,3050.224637
8/24/2022,131699.2254,2936.521879,3680.58248
8/25/2022,131418.6648,3399.521879,3190.949147
8/26/2022,131217.5375,2990.321879,2924.671369
8/27/2022,131511.4103,3220.321879,1436.28248
8/28/2022,132408.4497,2333.321879,1493.78248
8/29/2022,132807.4891,1892.821879,3650.28248
8/30/2022,132250.5285,2873.80371,3712.119163
8/31/2022,132039.635,3501.225738,3140.28583
9/1/2022,131783.7416,2884.392405,3735.952497
9/2/2022,131348.5149,3301.392405,2969.85848
9/3/2022,131510.2881,3271.392405,1344.119163
9/4/2022,132465.5613,2297.836849,1748.28583
9/5/2022,132851.6679,2134.392405,1540.78583
9/6/2022,133205.2745,1894.392405,3996.119163
9/7/2022,132336.3811,3127.225738,3584.202497
9/8/2022,132184.321,3428.392405,3610.169163
9/9/2022,131785.6498,3214.69796,2663.369163
9/10/2022,131998.9786,2876.69796,1316.330702
9/11/2022,132752.1151,2069.467191,1434.330702
9/12/2022,133245.7516,1928.467191,3273.052924
9/13/2022,132710.4992,2736.200525,3573.219591
9/14/2022,132221.7468,3085.800525,3102.552924
9/15/2022,131876.9944,2757.800525,3277.273468
9/16/2022,131574.0991,3081.377906,2899.273162
9/17/2022,131769.8705,3096.377906,1378.273162
9/18/2022,132430.3086,2038.711239,1430.273162
9/19/2022,132957.7467,1956.377906,3413.189829
9/20/2022,132227.0181,2683.794572,3949.856495
9/21/2022,132040.6228,3758.48407,3473.447059
9/22/2022,131583.121,3014.611924,3517.574043
9/23/2022,131300.9287,3216.159543,2764.265282
9/24/2022,131635.4288,3098.765312,1299.765282
9/25/2022,132487.4288,2151.765312,1417.565282
9/26/2022,132957.0288,1887.165312,3597.565282
9/27/2022,132220.6289,2861.165312,3416.565282
9/28/2022,131630.2289,2826.165312,3328.073177
9/29/2022,131190.1763,2889.017066,3085.831225
9/30/2022,131059.0665,2962.971446,3072.281225
10/1/2022,131155.8567,3167.293668,1429.947892
10/2/2022,132044.3136,2319.404779,1403.697892
10/3/2022,132485.2705,1843.654779,3813.447892
10/4/2022,131637.2274,2965.404779,3456.62971
10/5/2022,131233.1843,3054.404779,3212.447892
10/6/2022,131033.1412,3012.404779,3317.70421
10/7/2022,130765.1558,3049.718859,3060.70421
10/8/2022,130872.1205,3167.668859,1412.70421
10/9/2022,131659.0851,2199.668859,1414.70421
10/10/2022,132183.0498,1936.168859,2801.70421
10/11/2022,131895.0144,2512.752192,3238.037543
10/12/2022,131562.3957,2904.618859,3271.370876
10/13/2022,131231.577,2942.996637,3400.815321
10/14/2022,130838.7584,3007.996637,2947.815321
10/15/2022,130992.9397,3098.360273,1394.398654
10/16/2022,131835.371,2239.82997,1309.398654
10/17/2022,132224.3023,1698.32997,3213.898654
10/18/2022,131621.7336,2611.32997,3074.126361
10/19/2022,131280.1896,2750.264425,3157.975151
10/20/2022,130964.7288,2844.014425,3439.475151
10/21/2022,130588.2681,3062.014425,2912.030707
10/22/2022,130623.0574,2948.153314,1325.697373
10/23/2022,131462.0133,2164.153314,1483.197373
10/24/2022,131821.9693,1841.819981,3351.484103
10/25/2022,131055.4501,2587.711638,2924.673358
10/26/2022,130943.5423,2812.76556,3169.673358
10/27/2022,130603.6345,2829.76556,3239.673358
10/28/2022,130413.2267,3049.26556,3150.006691
10/29/2022,130311.4856,3048.26556,1303.006691
10/30/2022,131056.2445,2047.76556,1320.506691
10/31/2022,131433.0033,1696.598893,3324.673358
11/1/2022,130592.5955,2482.51556,3143.354632
11/2/2022,130205.2077,2874.599779,3061.987656
11/3/2022,129822.3198,2680.599779,3172.744143
11/4/2022,129782.0806,3132.004968,2837.944143
11/5/2022,130030.8414,3088.604968,1383.594143
11/6/2022,131039.9773,2392.729968,1568.594143
11/7/2022,131199.7798,1726.396635,3521.094143
11/8/2022,130413.5822,2734.896635,2868.597989
11/9/2022,130204.4309,2789.942789,1711.167923
11/10/2022,130308.1863,1853.987645,1699.232209
11/11/2022,130462.9418,1853.987645,1699.232209
11/12/2022,130617.6972,1853.987645,1699.232209
11/13/2022,130804.4526,1861.987645,774.7322087
11/14/2022,131016.5831,970.0626447,3567.032209
11/15/2022,130054.5135,2604.962645,3105.532209
11/16/2022,129622.9439,2672.248359,3190.198875
11/17/2022,129030.8744,2599.462645,3150.198875
11/18/2022,128746.3048,2865.629311,2912.198875
11/19/2022,128688.7352,2853.295978,1262.209987
11/20/2022,129298.2435,1877.951534,1346.012764
11/21/2022,129548.2378,1600.382089,2902.221098
11/22/2022,128806.2321,2161.215422,2932.721098
11/23/2022,128413.2264,2538.715422,2685.721098
11/24/2022,127886.2208,2158.715422,959.8877643
11/25/2022,128311.5484,1386.215422,1302.887764
11/26/2022,128790.8761,1780.715422,1069.887764
11/27/2022,129521.7037,1800.715422,1115.887764
11/28/2022,129992.5314,1579.659867,2966.920083
11/29/2022,129444.296,2446.524261,2829.557617
11/30/2022,129189.1768,2574.438402,3051.557617
12/1/2022,128784.3243,2646.705069,3141.89095
12/2/2022,128470.305,2827.871736,3040.14095
12/3/2022,128431.0358,3000.871736,1298.14095
12/4/2022,129093.2666,1960.371736,1303.974283
12/5/2022,129502.1641,1712.871736,3303.64095
12/6/2022,128833.1282,2634.605069,2878.39095
12/7/2022,128549.3423,2594.605069,2999.357617
12/8/2022,128348.4898,2798.505069,3644.905236
12/9/2022,128289.3991,3585.814593,2850.405236
12/10/2022,128494.8085,3056.814593,1277.405236
12/11/2022,129282.2178,2063.891516,1364.754853
12/12/2022,129626.2657,1712.783787,3355.935896
12/13/2022,128935.7136,2666.383787,3245.935896
12/14/2022,128503.1615,2810.883787,3307.935896
12/15/2022,127872.6094,2677.383787,3188.712838
12/16/2022,127507.337,2826.282597,2935.054943
12/17/2022,127378.0647,2805.782597,1334.554943
12/18/2022,127967.2924,1923.782597,1413.72161
12/19/2022,128146.9367,1593.36593,3428.888277
12/20/2022,127169.4143,2451.86593,3297.288442
12/21/2022,126298.3584,2427.227522,3283.66569
12/22/2022,125510.4176,2510.64637,2955.920489
12/23/2022,124590.8935,2036.39637,1682.087156
12/24/2022,124401.3277,1492.52137,1003.920489
12/25/2022,124638.2619,1240.854704,710.9204893
12/26/2022,124971.1961,1043.854704,919.1538226
12/27/2022,125536.297,1484.254704,2401.019765
12/28/2022,125366.3906,2236.095284,2488.001649
12/29/2022,125352.9842,2474.595284,2450.334982
12/30/2022,125571.5779,2668.928617,2172.334982
12/31/2022,125997.6715,2598.428617,1151.601649
1/1/2023,127182.0985,2336.028617,1377.557789
1/2/2023,127720.0781,1915.537389,1429.557789
1/3/2023,128239.5577,1946.195284,2532.777545
1/4/2023,127320.2898,2153.713136,1646.352335
1/5/2023,126916.3769,1570.274481,1155.133156
1/6/2023,126750.5096,1157.483197,1151.35058
1/7/2023,126756.6422,1157.483197,1151.35058
1/8/2023,126762.7748,1157.483197,1151.35058
1/9/2023,126768.9074,1157.483197,1151.35058
1/10/2023,126775.04,1157.483197,1151.35058
1/11/2023,126781.1727,1157.483197,1151.35058
1/12/2023,126787.3053,1157.483197,1151.35058
1/13/2023,126793.4379,1157.483197,1151.35058
1/14/2023,126799.5705,1157.483197,1151.35058
1/15/2023,126805.7031,1157.483197,1151.35058
1/16/2023,126811.8357,1157.483197,1151.35058
1/17/2023,126817.9684,1157.483197,1151.35058
1/18/2023,126824.101,1157.483197,1151.35058
1/19/2023,126830.2336,1157.483197,1151.35058
1/20/2023,127052.3662,1170.701089,2386.591498
1/21/2023,128105.8053,3441.030553,1230.091498
1/22/2023,128751.7443,1874.530553,1147.091498
1/23/2023,129161.6834,1557.030553,3133.591498
1/24/2023,128755.1224,2727.030553,2547.991498
1/25/2023,128608.6615,2401.530553,2628.491498
1/26/2023,128365.2005,2385.530553,2809.701094
1/27/2023,128091.0068,2537.490149,2422.910345
1/28/2023,128169.9971,2501.900718,1157.410345
1/29/2023,128839.4875,1826.900718,1271.876176
1/30/2023,130926.4303,3387.071563,2724.645873
1/31/2023,130470.276,2270.480134,4175.634444
2/1/2023,128654.1217,2359.480134,2573.013047
2/2/2023,128390.7242,2309.777805,2697.842013
2/3/2023,128056.3266,2363.444472,2519.175347
2/4/2023,128233.2624,2694.444472,1132.175347
2/5/2023,128871.5316,1770.444472,1214.175347
2/6/2023,129319.8007,1662.444472,2918.242013
2/7/2023,128785.7365,2385.777805,2849.43858
2/8/2023,128420.6723,2622.777805,2797.543061
2/9/2023,128093.5722,2471.44019,2761.540237
2/10/2023,127986.4722,2654.94019,2657.040237
2/11/2023,127939.8721,2608.34019,1170.778332
2/12/2023,128482.3673,1714.606857,1017.111665
2/13/2023,129070.8625,1604.006857,3015.476371
2/14/2023,128402.193,2351.110778,2512.846959
2/15/2023,128157.1568,2268.610778,2788.646959
2/16/2023,127852.1206,2483.610778,2838.61348
2/17/2023,127702.7518,2689.244694,2531.11348
2/18/2023,127757.1331,2585.494694,1166.542052
2/19/2023,128428.0857,1836.694694,1217.908718
2/20/2023,128748.505,1540.328027,1777.908718
2/21/2023,128927.9243,1957.328027,2995.908718
2/22/2023,128377.5936,2440.91136,2681.408718
2/23/2023,128045.0963,2354.744694,2787.242052
2/24/2023,127647.5989,2389.744694,2591.842052
2/25/2023,127638.0015,2582.244694,1163.508718
2/26/2023,128205.0709,1730.578027,1244.008718
2/27/2023,128545.1402,1584.078027,2967.008718
2/28/2023,127963.2095,2383.41136,2795.008718
3/1/2023,127719.9454,2551.744694,2834.008718
3/2/2023,127311.6814,2425.744694,2790.508718
3/3/2023,127208.6174,2688.444694,2511.508718
3/4/2023,127282.5534,2584.444694,1161.508718
3/5/2023,127906.156,1785.778027,1146.675385
3/6/2023,128354.7587,1596.278027,2804.675385
3/7/2023,127929.1946,2378.61136,2763.508718
3/8/2023,127700.2639,2535.328027,2805.258718
3/9/2023,127571.8333,2676.328027,2667.92945
3/10/2023,127240.9269,2339.006889,2534.41319
3/11/2023,127176.0206,2469.506889,1196.496523
3/12/2023,127866.6143,1889.756889,1082.66319
3/13/2023,128230.208,1446.256889,2731.755783
3/14/2023,127755.9054,2256.119852,2774.041497
3/15/2023,127471.4124,2489.048423,2720.041497
3/16/2023,127161.4193,2410.548423,2547.041497
3/17/2023,126979.4262,2366.048423,2462.701497
3/18/2023,127028.9382,2511.213423,1150.701497
3/19/2023,127656.2001,1778.963423,1183.012818
3/20/2023,127874.962,1465.963423,2794.201497
3/21/2023,127433.7239,2354.463423,2530.701497
3/22/2023,127323.9859,2420.213423,2703.451497
3/23/2023,127149.9978,2531.463423,2618.451497
3/24/2023,127152.5097,2620.963423,2302.451497
3/25/2023,127435.5216,2582.63009,1204.701497
3/26/2023,128146.5336,1916.213423,1177.201497
3/27/2023,128581.5455,1611.713423,2797.656042
3/28/2023,128037.1483,2254.250613,2633.093636
3/29/2023,127890.7689,2532.559785,2638.439198
3/30/2023,127597.6395,2354.809785,2574.939198
3/31/2023,127353.5101,2323.309785,2371.605865
4/1/2023,127410.714,2428.809785,1255.855865
4/2/2023,127935.9179,1780.259785,1232.855865
4/3/2023,128257.3718,1553.309785,2998.889198
4/4/2023,127637.6924,2380.009785,2557.961411
4/5/2023,127573.7035,2514.414547,2726.403484
4/6/2023,127374.7146,2527.414547,2692.403484
4/7/2023,127262.4756,2580.164547,2030.403484
4/8/2023,127451.7367,2218.914547,1125.361817
4/9/2023,128002.1728,1677.464547,1168.028484
4/10/2023,128517.1088,1682.214547,2679.528484
4/11/2023,128222.2949,2385.214547,2795.69515
4/12/2023,127926.1476,2499.54788,2759.19515
4/13/2023,127659.6003,2492.64788,2750.69515
4/14/2023,127535.0531,2624.481214,2443.671341
4/15/2023,127776.1248,2685.600261,1172.028484
4/16/2023,128468.6966,1863.725261,1330.403484
4/17/2023,128779.3934,1641.100261,2935.403484
4/18/2023,128193.9902,2350.000261,2754.903484
4/19/2023,127938.587,2499.500261,2900.903484
4/20/2023,127551.6837,2514.000261,2606.98885
4/21/2023,127359.8171,2415.122212,2363.98885
4/22/2023,127650.8314,2655.003165,1086.48885
4/23/2023,128430.8457,1866.503165,1164.48885
4/24/2023,128793.5267,1527.169831,2929.48885
4/25/2023,128218.541,2354.503165,2585.569309
4/26/2023,128142.1071,2510.129602,2801.002956
4/27/2023,127748.461,2412.791218,2598.9373
4/28/2023,127734.5149,2584.991218,2429.4373
4/29/2023,127956.5688,2651.491218,1168.9373
4/30/2023,128775.4561,1987.824551,1273.603966
5/1/2023,128991.1767,1489.324551,3065.103966
5/2/2023,128222.8972,2296.824551,2754.226189
5/3/2023,127913.6289,2568.41344,2560.681744
5/4/2023,127716.3606,2363.41344,2813.681744
5/5/2023,127546.5923,2640.857884,2435.181744
5/6/2023,127832.824,2721.41344,1220.515077
5/7/2023,128507.2224,1894.41344,1368.598411
5/8/2023,128786.2041,1649.080107,2904.9191
5/9/2023,128185.8582,2308.545624,2618.891514
5/10/2023,128105.5123,2540.545624,2751.246705
5/11/2023,127893.9478,2541.133056,2605.114192
5/12/2023,127822.6334,2534.966389,2469.947525
5/13/2023,127855.3189,2502.133056,1122.447525
5/14/2023,128677.6711,1944.799722,1143.014192
5/15/2023,129063.7566,1530.766389,3016.680858
5/16/2023,128436.3421,2388.599722,2678.847525
5/17/2023,128241.761,2484.766389,2837.847525
5/18/2023,127851.8465,2447.933056,2608.847525
5/19/2023,127765.9321,2522.933056,2409.979993
5/20/2023,127897.6176,2549.133056,1142.072525
5/21/2023,128553.9281,1801.008056,1224.997525
5/22/2023,129032.472,1703.541389,2947.997525
5/23/2023,128413.5159,2329.041389,2676.997525
5/24/2023,128095.5597,2359.041389,2719.497525
5/25/2023,127933.2703,2557.208056,2824.622525
5/26/2023,127702.9808,2595.208056,2445.697525
5/27/2023,127854.7913,2597.508056,1171.697525
5/28/2023,128603.1018,1918.758056,1287.814192
5/29/2023,128998.7874,1683.499722,1197.814192
5/30/2023,129460.9729,1659.999722,3151.993557
5/31/2023,128889.3267,2579.347341,2840.62689
6/1/2023,128579.1805,2530.480675,2689.62689
6/2/2023,128515.0343,2623.805675,2631.42689
6/3/2023,128609.0547,2725.447341,1241.17689
6/4/2023,129304.5752,1936.697341,1216.510224
6/5/2023,129751.0956,1663.030675,2974.585224
6/6/2023,129159.1994,2384.689008,2674.728081
6/7/2023,129138.446,2652.974722,2874.778081
6/8/2023,128845.4927,2582.435833,2610.055858
6/9/2023,128871.4282,2635.991389,2458.705858
6/10/2023,129031.4137,2618.608056,1180.622525
6/11/2023,129722.8993,1870.858056,1392.622525
6/12/2023,129922.8848,1594.108056,2921.878081
6/13/2023,129396.9592,2395.896944,3093.114192
6/14/2023,128909.5336,2607.521944,1737.705636
6/15/2023,128602.8145,1565.864557,1680.074822
6/16/2023,128487.6687,1558.584557,1143.21252
6/17/2023,128361.1657,1113.328604,1135.831568
6/18/2023,128338.6627,1113.328604,1135.831568
6/19/2023,128316.1598,1113.328604,1135.831568
6/20/2023,128293.6568,1113.328604,1135.831568
6/21/2023,128271.1539,1113.328604,1135.831568
6/22/2023,128248.6509,1113.328604,1135.831568
6/23/2023,128226.1479,1113.328604,1135.831568
6/24/2023,128203.645,1113.328604,1135.831568
6/25/2023,128181.142,1113.328604,1135.831568
6/26/2023,128158.639,1113.328604,1135.831568
6/27/2023,128136.1361,1113.328604,1135.831568
6/28/2023,128113.6331,1113.328604,1135.831568
6/29/2023,128091.1301,1113.328604,1135.831568
6/30/2023,128559.6272,1122.240543,1649.733493
7/1/2023,129322.7884,2412.894757,1320.733493
7/2/2023,130228.9497,2226.894757,1345.733493
7/3/2023,130751.111,1867.894757,2791.733493
7/4/2023,130349.2722,2389.894757,1108.733493
7/5/2023,131185.4335,1942.989995,3091.821663
7/6/2023,130692.3615,2628.442005,2940.694643
7/7/2023,130563.8106,2815.717916,2628.640301
7/8/2023,130787.093,2853.456011,1231.173634
7/9/2023,131517.3753,1961.456011,1238.173634
7/10/2023,132310.1577,1778.605861,3559.997184
7/11/2023,131758.2421,3008.081533,3157.83538
7/12/2023,131553.7473,2956.323772,3221.318526
7/13/2023,131326.2525,2993.823772,3498.318526
7/14/2023,131067.7578,3239.823772,3122.45304
7/15/2023,131109.3109,3164.006187,1399.45304
7/16/2023,131791.8641,2082.006187,1461.95304
7/17/2023,132234.4172,1904.506187,3245.786374
7/18/2023,131745.8037,2757.172853,3228.786374
7/19/2023,131467.9402,2950.922853,3343.119707
7/20/2023,131169.5767,3045.422853,3397.45304
7/21/2023,130764.8798,2992.756187,3023.286374
7/22/2023,130865.5163,3121.38952,1293.786374
7/23/2023,131917.1528,2345.922853,1534.786374
7/24/2023,132265.7893,1880.928567,3484.00873
7/25/2023,131594.9132,2813.149369,3256.925396
7/26/2023,131597.7761,3199.377887,3352.243666
7/27/2023,131293.8889,3047.358604,3447.722787
7/28/2023,130956.5621,3087.940102,2979.472787
7/29/2023,131119.8302,3144.240869,1351.972787
7/30/2023,132073.5983,2305.740869,1363.972787
7/31/2023,132505.8664,1786.363091,3334.537867
8/1/2023,131818.209,2598.615941,3492.80216
8/2/2023,131747.3313,3221.881824,3364.258296
8/3/2023,131615.4391,3151.201792,3509.626851
8/4/2023,131520.6275,3414.815269,3130.160184
8/5/2023,131634.1382,3343.404157,1453.893517
8/6/2023,132681.6488,2501.404157,1536.973517
8/7/2023,133238.6995,2063.444744,3797.454405
8/8/2023,132516.0592,3074.446038,3423.919759
8/9/2023,132290.5814,3190.46228,3525.929574
8/10/2023,131934.0721,3169.420296,3619.929574
8/11/2023,131718.5628,3404.420296,3318.429574
8/12/2023,131829.5535,3429.420296,1600.429574
8/13/2023,132637.5443,2408.420296,1477.429574
8/14/2023,133217.535,2057.420296,3784.429574
8/15/2023,132379.0257,2945.920296,3568.762907
8/16/2023,132060.5164,3249.753629,3760.048621
8/17/2023,131760.65,3460.1822,3447.798621
8/18/2023,131672.7836,3359.9322,3443.715288
8/19/2023,131792.6672,3565.098867,1535.548621
8/20/2023,132724.7841,2467.965534,1601.848621
8/21/2023,133133.7472,2009.81501,3890.84577
8/22/2023,132402.8103,3161.242252,3597.929103
8/23/2023,131991.1235,3186.242252,3503.929103
8/24/2023,131760.4366,3271.908919,3242.12264
8/25/2023,131784.4497,3317.542252,3644.779103
8/26/2023,131931.4629,3791.792252,1441.779103
8/27/2023,132890.976,2399.292252,1534.779103
8/28/2023,133411.4892,2055.292252,3970.779103
8/29/2023,132594.5023,3153.792252,3483.779103
8/30/2023,132442.5155,3330.458919,3365.457674
8/31/2023,132250.3501,3176.470824,3494.680729
9/1/2023,132125.9077,3371.219506,3370.661861
9/2/2023,132124.4654,3368.552839,1498.411861
9/3/2023,133018.523,2393.219506,1584.161861
9/4/2023,133630.5807,2196.219506,1409.161861
9/5/2023,134333.6383,2112.219506,4182.761861
9/6/2023,133392.4959,3240.119506,3878.761861
9/7/2023,132898.8536,3385.119506,3636.006616
9/8/2023,132511.3727,3249.692433,3227.339949
9/9/2023,132656.5586,3372.525766,1395.839949
9/10/2023,133612.7444,2352.025766,1555.839949
9/11/2023,134069.2635,1992.398315,3702.652101
9/12/2023,133365.6814,2999.069972,3765.652101
9/13/2023,133093.0993,3440.377531,3448.404561
9/14/2023,132699.6557,3062.460964,3519.571228
9/15/2023,132431.1232,3253.260964,3198.574198
9/16/2023,132598.3416,3367.73378,1457.515375
9/17/2023,133482.06,2340.567114,1558.515375
9/18/2023,134045.5284,2030.867114,3859.941139
9/19/2023,133168.5595,2976.419385,4109.454087
9/20/2023,132402.0025,3435.278034,3657.181193
9/21/2023,132021.2147,3276.476752,3568.764527
9/22/2023,131736.9401,3282.493918,3093.753505
9/23/2023,131942.7075,3299.520972,1497.864616
9/24/2023,132766.5639,2321.220972,1625.031282
9/25/2023,133102.4203,1961.720972,3679.714616
9/26/2023,132378.2766,2980.326861,3488.896884
9/27/2023,132099.8181,3209.771723,3599.563551
9/28/2023,131972.3596,3313.267338,3671.241819
9/29/2023,132080.376,3742.320022,3526.858201
9/30/2023,132159.9406,3600.623954,1559.423431
10/1/2023,133062.2078,2462.190621,1628.923431
10/2/2023,133575.975,2142.690621,3999.084826
10/3/2023,132805.8453,3227.959487,3896.201817
10/4/2023,132586.8945,3677.251015,3865.201817
10/5/2023,132297.9437,3563.282877,3918.696811
10/6/2023,131935.7116,3558.446573,3475.07863
10/7/2023,132040.2796,3581.146573,1477.07863
10/8/2023,132980.3475,2417.146573,1658.07863
10/9/2023,133340.9154,2018.646573,3039.620296
10/10/2023,133182.9001,2804.901335,3774.348832
10/11/2023,132738.8892,3330.72685,3749.218673
10/12/2023,132155.0783,3165.407802,3651.08534
10/13/2023,131682.2341,3178.241135,3385.08534
10/14/2023,131680.3899,3383.241135,1469.58534
10/15/2023,132668.5457,2457.741135,1500.58534
10/16/2023,133048.3682,1875.431904,3780.607654
10/17/2023,132323.1166,2984.691026,3576.917458
10/18/2023,131998.0371,3251.837914,3656.917458
10/19/2023,131632.9575,3290.396737,3676.240988
10/20/2023,131224.6852,3266.801966,3347.574321
10/21/2023,131417.5795,3540.468632,1516.217178
10/22/2023,132272.6405,2372.135299,1544.074321
10/23/2023,132823.7015,2094.154167,4003.750494
10/24/2023,131988.9349,3187.885496,3471.616334
10/25/2023,131847.5017,3330.495615,3684.152048
10/26/2023,131530.5685,3367.21883,3627.652048
10/27/2023,131489.1352,3586.21883,3365.485382
10/28/2023,131614.0354,3487.92121,1488.735382
10/29/2023,132525.9355,2400.635496,1556.735382
10/30/2023,132916.5023,1948.135496,3793.735382
10/31/2023,132085.2357,2962.46883,3420.753239
11/1/2023,131689.2013,3025.46883,3712.753239
11/2/2023,131072.6669,3096.21883,3558.275966
11/3/2023,130912.0757,3397.684739,3494.275966
11/4/2023,130996.8178,3578.268072,1526.442633
11/5/2023,132052.8932,2585.018072,1644.485186
11/6/2023,132470.4686,2064.018072,4279.189111
11/7/2023,131573.1826,3381.903048,3475.296254
11/8/2023,131365.0394,3269.403048,3725.921254
11/9/2023,131038.5212,3399.403048,3894.254588
11/10/2023,130622.3363,3475.569715,1966.654588
11/11/2023,131362.3514,2706.819715,1335.054588
11/12/2023,132271.3666,2244.069715,1433.721254
11/13/2023,132748.0483,1910.403048,3995.630345
11/14/2023,131785.2301,3319.403048,3889.471254
11/15/2023,131231.4119,3334.803048,3888.887921
11/16/2023,130687.0937,3345.403048,3842.221254
11/17/2023,130123.2755,3278.403048,3461.1251
11/18/2023,130217.2842,3554.864587,1610.85587
11/19/2023,130950.793,2344.364587,1645.60587
11/20/2023,131276.3017,1973.364587,4178.05587
11/21/2023,130075.1104,2976.114587,3849.222536
11/22/2023,129257.4191,3032.531254,3586.022536
11/23/2023,128530.3278,2859.331254,1104.989203
11/24/2023,128982.7365,1558.99792,1525.422536
11/25/2023,129764.1453,2306.831254,1263.422536
11/26/2023,130482.554,1981.831254,1303.962381
11/27/2023,130900.1925,1720.980866,3678.109048
11/28/2023,130144.1976,2920.514199,3582.509048
11/29/2023,129788.1028,3228.814199,3378.611176
11/30/2023,129604.3909,3194.899306,3562.194509
12/1/2023,129273.2624,3231.815972,3718.580873
12/2/2023,129135.1869,3584.384154,1451.228891
12/3/2023,129988.7267,2303.16877,1522.428891
12/4/2023,130466.8666,2000.56877,3870.095558
12/5/2023,129677.2565,3080.485436,3491.095558
12/6/2023,129370.8964,3184.735436,3775.345558
12/7/2023,128781.0362,3183.985436,3580.395558
12/8/2023,128409.2095,3210.56877,3431.395558
12/9/2023,128308.8827,3331.06877,1466.062225
12/10/2023,129096.2225,2252.652103,1478.228891
12/11/2023,129455.9791,1838.735436,3791.478891
12/12/2023,128432.2356,2767.735436,3415.478891
12/13/2023,128160.9922,3144.735436,3513.978891
12/14/2023,127995.7487,3347.735436,3729.728891
12/15/2023,127526.041,3260.021151,3608.459661
12/16/2023,127201.2179,3283.636535,1495.459661
12/17/2023,127968.3947,2262.636535,1659.567187
12/18/2023,128323.3404,2015.346213,4125.567187
12/19/2023,127183.1195,2985.346213,4027.939858
12/20/2023,126274.7556,3121.199215,3784.922696
12/21/2023,125532.7251,3142.532548,3864.777332
12/22/2023,124712.0518,3041.479863,3305.72605
12/23/2023,124094.2246,2687.347566,1628.60334
12/24/2023,124580.3974,2117.347566,1521.285879
12/25/2023,124613.5702,1556.347566,834.6747682
12/26/2023,125047.243,1272.347566,2061.508102
12/27/2023,125284.2491,2267.014233,2967.008102
12/28/2023,125049.7552,2732.514233,2974.008102
12/29/2023,125006.2614,2930.514233,2573.208102
12/30/2023,125333.6675,2900.614233,1355.208102
12/31/2023,126355.0736,2376.614233,1413.874768
1/1/2024,127103.4797,2163.614233,1380.288102
1/2/2024,127798.8859,2077.614233,3677.208102
1/3/2024,127261.792,3134.902112,3545.826283
1/4/2024,127132.9951,3415.172242,3416.611998
1/5/2024,127090.8054,3372.189096,3214.485593
1/6/2024,127529.2841,3652.964376,1450.235593
1/7/2024,128294.5963,2217.464376,1415.385593
1/8/2024,128940.275,1941.244515,3657.454466
1/9/2024,128242.8071,2961.486559,3320.94653
1/10/2024,127924.2043,3002.565924,3519.002085
1/11/2024,127672.1015,3265.843702,3559.79194
1/12/2024,127589.9987,3477.689112,3209.39194
1/13/2024,127519.6958,3137.089112,1313.39194
1/14/2024,128231.7263,2027.089112,1423.058607
1/15/2024,128525.7568,1717.089112,1289.716479
1/16/2024,128922.2444,1685.370673,3180.97
1/17/2024,128428.7601,2687.485696,3289.695807
1/18/2024,128289.3403,2854.917433,3332.445807
1/19/2024,128110.3713,3152.64354,3184.27914
1/20/2024,128133.7357,3207.64354,1548.112474
1/21/2024,128975.7668,2390.810207,1559.112474
1/22/2024,129292.4645,1875.810207,3733.52914
1/23/2024,128586.0789,2991.256429,3464.509457
1/24/2024,128468.9686,3347.399102,3625.176124
1/25/2024,128063.1916,3218.406678,3369.130669
1/26/2024,128031.6342,3327.163549,3285.952665
1/27/2024,128732.4375,3986.255884,1535.119331
1/28/2024,129650.7407,2453.422551,1735.164529
1/29/2024,130015.51,2104.600517,3887.170648
1/30/2024,129285.8361,3155.93589,3596.119366
1/31/2024,129129.4828,3422.142608,3649.786033
2/1/2024,128842.2458,3364.049048,3831.218386
2/2/2024,128694.4441,3694.75493,3385.556621
2/3/2024,129335.9758,4027.75493,1864.889954
2/4/2024,129955.3407,2483.25493,1688.389954
2/5/2024,130322.2057,2055.25493,4190.461383
2/6/2024,129346.7373,3496.659692,3928.481621
2/7/2024,128862.1118,3445.756121,3798.881621
2/8/2024,128614.9863,3551.756121,3911.381621
2/9/2024,128314.3608,3610.756121,3730.381621
2/10/2024,128747.7353,4163.756121,1520.381621
2/11/2024,129692.1098,2460.499711,1732.381621
2/12/2024,130082.3177,2126.256121,5313.27051
2/13/2024,128523.6366,3796.089454,1654.504878
2/14/2024,128994.3127,2116.680966,3664.162021
2/15/2024,128626.5793,3296.428585,3689.238944
2/16/2024,128635.7305,3698.390123,3591.738944
2/17/2024,128589.8816,3545.890123,1530.905611
2/18/2024,129405.5328,2347.223456,1653.072277
2/19/2024,129729.184,1976.723456,2182.572277
2/20/2024,130004.8352,2456.628218,3998.17942
2/21/2024,129421.284,3416.128218,3794.148651
2/22/2024,129078.7789,3463.739711,3713.839402
2/23/2024,128803.4298,3440.42364,3625.272735
2/24/2024,128930.5807,3726.33817,1536.125299
2/25/2024,129843.2338,2448.778341,1609.125299
2/26/2024,130313.8868,2051.260658,4280.314188
2/27/2024,129521.2732,3490.645007,3882.258633
2/28/2024,129003.1596,3363.145007,3768.110281
2/29/2024,128531.3994,3306.442572,3671.272046
3/1/2024,128272.9516,3415.074225,3552.46649
3/2/2024,128546.6427,3827.490892,1827.799824
3/3/2024,129168.6671,2449.324225,1620.299824
3/4/2024,129756.1915,2205.740892,3977.981642
3/5/2024,129173.7159,3392.70884,3902.299824
3/6/2024,129068.4903,3737.074225,3736.876213
3/7/2024,128839.4432,3492.15359,3856.805379
3/8/2024,128627.1462,3649.591685,3441.055379
3/9/2024,128780.9825,3596.625019,1556.455379
3/10/2024,129584.8188,2360.291685,1615.455379
3/11/2024,130056.1551,2086.791685,4189.56649
3/12/2024,129171.6026,3304.902796,3414.236332
3/13/2024,129263.7262,3436.092049,3816.661332
3/14/2024,128978.6748,3530.72105,3928.939109
3/15/2024,128736.1234,3685.069535,3564.541673
3/16/2024,128990.4951,3819.080025,1621.20834
3/17/2024,129980.8667,2609.980025,1698.20834
3/18/2024,130645.2384,2147.175263,4050.520245
3/19/2024,129764.9768,3170.008596,3605.88163
3/20/2024,129537.7232,3381.028046,3912.124487
3/21/2024,128510.6014,3578.835982,3857.957821
3/22/2024,128176.8129,3495.304056,3508.957821
3/23/2024,128280.2743,3612.419316,1554.420103
3/24/2024,129174.2436,2451.443881,1703.374648
3/25/2024,129946.2128,2471.847605,4357.041315
3/26/2024,128808.3487,3219.010547,3685.647376
3/27/2024,128544.4846,3427.010547,3492.874648
3/28/2024,128252.2872,3200.677214,3841.152426
3/29/2024,127941.687,3530.552214,2685.152426
3/30/2024,128531.0867,3274.552214,1639.152426
3/31/2024,129330.4865,2437.718881,1572.152426
4/1/2024,129763.8863,2004.385547,4245.652426
4/2/2024,128853.2861,3333.552214,3544.020073
4/3/2024,128715.3793,3402.908733,3759.906437
4/4/2024,130376.018,5414.550967,3722.234617
4/5/2024,130053.2822,3400.298815,3490.784617
4/6/2024,130317.6714,3755.014724,1592.534617
4/7/2024,131302.3106,2577.173815,1976.320331
4/8/2024,131535.2831,2217.090481,3395.36795
4/9/2024,131479.339,3162.34649,4226.520628
4/10/2024,131078.4225,3834.250253,3455.064168
4/11/2024,130647.2496,3023.891278,3923.564168
4/12/2024,130298.4577,3536.804057,3599.897502
4/13/2024,130596.8826,3896.614149,1663.897502
4/14/2024,131523.3076,2589.465339,1638.897502
4/15/2024,132202.7326,2318.322482,4129.774762
4/16/2024,131353.3575,3280.399614,3799.274762
4/17/2024,131036.4823,3483.899614,3797.274762
4/18/2024,130788.1072,3548.399614,3792.941429
4/19/2024,130535.5653,3540.399614,3669.61266
4/20/2024,130876.2906,4010.337949,1765.61266
4/21/2024,131794.5159,2683.837949,1690.945994
4/22/2024,132203.6301,2100.060171,3954.886868
4/23/2024,131545.5788,3296.835619,3894.886868
4/24/2024,131209.5276,3558.835619,3920.951384
4/25/2024,130791.8634,3502.358661,3954.11805
4/26/2024,130445.1517,3607.40628,3433.61805
4/27/2024,130710.4399,3699.40628,1769.61805
4/28/2024,131650.7281,2709.40628,1742.61805
4/29/2024,132081.5164,2173.40628,4134.11805
4/30/2024,131280.3046,3332.90628,4003.44158
5/1/2024,130871.3706,3735.684058,4230.41805
5/2/2024,130444.6366,3803.684058,3846.91805
5/3/2024,130455.4026,3834.803229,3560.397202
5/4/2024,130955.6155,4061.56242,1811.205253
5/5/2024,132244.6737,3100.26345,2098.538586
5/6/2024,132431.7318,2286.26345,4227.905253
5/7/2024,131820.09,3616.26345,3992.905253
5/8/2024,131436.4482,3592.289564,3862.856098
5/9/2024,131016.8279,3443.235801,3776.856098
5/10/2024,130937.7077,3698.235801,3727.022764
5/11/2024,131159.5874,3948.402467,1679.522764
5/12/2024,132092.9671,2612.902467,1618.022764
5/13/2024,132723.3468,2249.902467,4146.856098
5/14/2024,132052.7265,3475.735801,4075.368293
5/15/2024,131599.8704,3622.512223,4020.368293
5/16/2024,131389.0143,3808.512223,3953.534959
5/17/2024,131164.1583,3728.67889,3653.034959
5/18/2024,131506.8022,3995.67889,1804.701626
5/19/2024,132553.9461,2852.345557,2467.368293
5/20/2024,132503.69,2423.77889,4891.534959
5/21/2024,131078.2673,3466.112223,3804.534959
5/22/2024,130903.8446,3629.445557,3972.034959
5/23/2024,130619.4218,3687.612223,4128.534959
5/24/2024,130210.9991,3720.112223,3657.396864
5/25/2024,130394.7668,3841.164604,1732.896864
5/26/2024,131539.5346,2877.664604,1908.563531
5/27/2024,131970.3023,2339.331271,1719.563531
5/28/2024,132660.0701,2409.331271,4618.563531
5/29/2024,131766.8378,3725.331271,4322.296864
5/30/2024,131240.0055,3795.464604,4151.630197
5/31/2024,130799.5066,3710.131271,3896.963531
6/1/2024,130858.091,3955.547938,1751.963531
6/2/2024,131770.6754,2664.047938,1649.130197
6/3/2024,132297.4265,2175.881271,4215.171864
6/4/2024,131536.3442,3454.089604,4188.171864
6/5/2024,131025.512,3677.339604,3981.671864
6/6/2024,130826.6797,3782.839604,4067.838531
6/7/2024,130644.3808,3885.539604,3592.171864
6/8/2024,131309.7485,4257.539604,1930.671864
6/9/2024,132009.6163,2630.539604,1824.671864
6/10/2024,132434.484,2248.872938,4363.671864
6/11/2024,131549.8518,3479.039604,3888.796864
6/12/2024,131364.7195,3703.664604,4123.796864
6/13/2024,130985.5872,3744.664604,4202.463531
6/14/2024,130723.7883,3940.664604,3801.463531
6/15/2024,130663.9894,3741.664604,1623.463531
6/16/2024,131764.1905,2723.664604,1726.130197
6/17/2024,132230.3915,2193.664604,4267.463531
6/18/2024,131600.5926,3637.664604,4112.963531
6/19/2024,131042.7937,3553.831271,2401.963531
6/20/2024,131843.9948,3007.086173,4023.463531
6/21/2024,131514.6958,3695.164604,3734.130197
6/22/2024,131667.8636,3887.297938,1631.463531
6/23/2024,133073.0313,3037.297938,2018.130197
6/24/2024,133482.1991,2427.297938,4382.284669
6/25/2024,132623.7692,3513.636049,4269.223077
6/26/2024,132142.8154,3788.269231,4015.223077
6/27/2024,131605.3615,3478.269231,4165.723077
6/28/2024,131232.9077,3792.269231,3880.223077
6/29/2024,131373.9538,4021.269231,2419.223077
6/30/2024,131912,2956.276923,4857.743
